debugaLWG4:debugv5H6i,0,1485811366419,"{""action"": ""Begin"", ""phase"": ""INSTRUCTIONS"", ""templates"": [""instructions/instruct-1.html"", ""instructions/instruct-2.html"", ""instructions/instruct-3.html"", ""instructions/instruct-ready.html""]}"
debugaLWG4:debugv5H6i,1,1485811370365,"{""action"": ""NextPage"", ""indexOf"": 0, ""viewTime"": 3940, ""phase"": ""INSTRUCTIONS"", ""template"": ""instructions/instruct-1.html""}"
debugaLWG4:debugv5H6i,2,1485811372812,"{""action"": ""NextPage"", ""indexOf"": 1, ""viewTime"": 2443, ""phase"": ""INSTRUCTIONS"", ""template"": ""instructions/instruct-2.html""}"
debugaLWG4:debugv5H6i,3,1485811373485,"{""action"": ""NextPage"", ""indexOf"": 2, ""viewTime"": 671, ""phase"": ""INSTRUCTIONS"", ""template"": ""instructions/instruct-3.html""}"
debugaLWG4:debugv5H6i,4,1485811375355,"{""action"": ""FinishInstructions"", ""indexOf"": 3, ""viewTime"": 1869, ""phase"": ""INSTRUCTIONS"", ""template"": ""instructions/instruct-ready.html""}"
debugaLWG4:debugv5H6i,5,1486151065028,"{""phase"": ""INSTRUCTIONS"", ""templates"": [""instructions/instruct-1.html"", ""instructions/instruct-2.html"", ""instructions/instruct-3.html"", ""instructions/instruct-ready.html""], ""action"": ""Begin""}"
debugaLWG4:debugv5H6i,6,1486151066950,"{""phase"": ""INSTRUCTIONS"", ""indexOf"": 0, ""viewTime"": 1914, ""action"": ""NextPage"", ""template"": ""instructions/instruct-1.html""}"
debugaLWG4:debugv5H6i,7,1486151067807,"{""phase"": ""INSTRUCTIONS"", ""indexOf"": 1, ""viewTime"": 853, ""action"": ""NextPage"", ""template"": ""instructions/instruct-2.html""}"
debugaLWG4:debugv5H6i,8,1486151068628,"{""phase"": ""INSTRUCTIONS"", ""indexOf"": 2, ""viewTime"": 819, ""action"": ""NextPage"", ""template"": ""instructions/instruct-3.html""}"
debugaLWG4:debugv5H6i,9,1486151069992,"{""phase"": ""INSTRUCTIONS"", ""indexOf"": 3, ""viewTime"": 1363, ""action"": ""FinishInstructions"", ""template"": ""instructions/instruct-ready.html""}"
debugaLWG4:debugv5H6i,10,1486151071759,"{""rt"": 1746, ""hit"": true, ""color"": ""blue"", ""relation"": ""incongruent"", ""phase"": ""TEST"", ""word"": ""RED"", ""response"": ""blue""}"
debugaLWG4:debugv5H6i,11,1486151073270,"{""rt"": 1511, ""hit"": true, ""color"": ""red"", ""relation"": ""congruent"", ""phase"": ""TEST"", ""word"": ""RED"", ""response"": ""red""}"
debugaLWG4:debugv5H6i,12,1486151074348,"{""rt"": 1077, ""hit"": true, ""color"": ""red"", ""relation"": ""unrelated"", ""phase"": ""TEST"", ""word"": ""SHIP"", ""response"": ""red""}"
debugaLWG4:debugv5H6i,13,1486151075328,"{""rt"": 980, ""hit"": true, ""color"": ""green"", ""relation"": ""congruent"", ""phase"": ""TEST"", ""word"": ""GREEN"", ""response"": ""green""}"
debugaLWG4:debugv5H6i,14,1486151076430,"{""rt"": 1101, ""hit"": true, ""color"": ""blue"", ""relation"": ""unrelated"", ""phase"": ""TEST"", ""word"": ""ZAMBONI"", ""response"": ""blue""}"
debugaLWG4:debugv5H6i,15,1486151078496,"{""rt"": 2066, ""hit"": true, ""color"": ""green"", ""relation"": ""unrelated"", ""phase"": ""TEST"", ""word"": ""MONKEY"", ""response"": ""green""}"
debugaLWG4:debugv5H6i,16,1486151080147,"{""rt"": 1651, ""hit"": true, ""color"": ""green"", ""relation"": ""incongruent"", ""phase"": ""TEST"", ""word"": ""BLUE"", ""response"": ""green""}"
debugaLWG4:debugv5H6i,17,1486151081758,"{""rt"": 1611, ""hit"": true, ""color"": ""red"", ""relation"": ""incongruent"", ""phase"": ""TEST"", ""word"": ""GREEN"", ""response"": ""red""}"
debugaLWG4:debugv5H6i,18,1486151082699,"{""rt"": 941, ""hit"": true, ""color"": ""blue"", ""relation"": ""congruent"", ""phase"": ""TEST"", ""word"": ""BLUE"", ""response"": ""blue""}"
debugaLWG4:debugv5H6i,19,1486151082702,"{""phase"": ""postquestionnaire"", ""status"": ""begin""}"
debugaLWG4:debugv5H6i,20,1486151092320,"{""phase"": ""postquestionnaire"", ""status"": ""submit""}"
debugH882v:debughuQU3,0,1486109412829,"{""phase"": ""INSTRUCTIONS"", ""templates"": [""instructions/instruct-1.html"", ""instructions/instruct-2.html"", ""instructions/instruct-3.html"", ""instructions/instruct-ready.html""], ""action"": ""Begin""}"
debugH882v:debughuQU3,1,1486109414287,"{""phase"": ""INSTRUCTIONS"", ""indexOf"": 0, ""viewTime"": 1453, ""action"": ""NextPage"", ""template"": ""instructions/instruct-1.html""}"
debugH882v:debughuQU3,2,1486109462974,"{""phase"": ""INSTRUCTIONS"", ""indexOf"": 1, ""viewTime"": 48682, ""action"": ""NextPage"", ""template"": ""instructions/instruct-2.html""}"
debugH882v:debughuQU3,3,1486109463866,"{""phase"": ""INSTRUCTIONS"", ""indexOf"": 2, ""viewTime"": 874, ""action"": ""NextPage"", ""template"": ""instructions/instruct-3.html""}"
debugH882v:debughuQU3,4,1486109465631,"{""phase"": ""INSTRUCTIONS"", ""indexOf"": 3, ""viewTime"": 1763, ""action"": ""FinishInstructions"", ""template"": ""instructions/instruct-ready.html""}"
debugcNPJT:debugKocwS,0,1486147865377,"{""phase"": ""INSTRUCTIONS"", ""templates"": [""instructions/instruct-1.html"", ""instructions/instruct-2.html"", ""instructions/instruct-3.html"", ""instructions/instruct-ready.html""], ""action"": ""Begin""}"
debugcNPJT:debugKocwS,1,1486147866576,"{""phase"": ""INSTRUCTIONS"", ""indexOf"": 0, ""viewTime"": 1194, ""action"": ""NextPage"", ""template"": ""instructions/instruct-1.html""}"
debugcNPJT:debugKocwS,2,1486147867846,"{""phase"": ""INSTRUCTIONS"", ""indexOf"": 1, ""viewTime"": 1267, ""action"": ""NextPage"", ""template"": ""instructions/instruct-2.html""}"
debugcNPJT:debugKocwS,3,1486147868382,"{""phase"": ""INSTRUCTIONS"", ""indexOf"": 2, ""viewTime"": 534, ""action"": ""NextPage"", ""template"": ""instructions/instruct-3.html""}"
debugcNPJT:debugKocwS,4,1486147869403,"{""phase"": ""INSTRUCTIONS"", ""indexOf"": 3, ""viewTime"": 1020, ""action"": ""FinishInstructions"", ""template"": ""instructions/instruct-ready.html""}"
debugcNPJT:debugKocwS,5,1486147873903,"{""rt"": 4491, ""hit"": false, ""color"": ""blue"", ""relation"": ""incongruent"", ""phase"": ""TEST"", ""word"": ""RED"", ""response"": ""red""}"
debugcNPJT:debugKocwS,6,1486150591799,"{""rt"": 2717894, ""hit"": true, ""color"": ""red"", ""relation"": ""incongruent"", ""phase"": ""TEST"", ""word"": ""GREEN"", ""response"": ""red""}"
debugcNPJT:debugKocwS,7,1486150593318,"{""rt"": 1496, ""hit"": true, ""color"": ""blue"", ""relation"": ""unrelated"", ""phase"": ""TEST"", ""word"": ""ZAMBONI"", ""response"": ""blue""}"
debugcNPJT:debugKocwS,8,1486150596850,"{""rt"": 3531, ""hit"": true, ""color"": ""green"", ""relation"": ""incongruent"", ""phase"": ""TEST"", ""word"": ""BLUE"", ""response"": ""green""}"
debugcNPJT:debugKocwS,9,1486150598142,"{""rt"": 1292, ""hit"": true, ""color"": ""red"", ""relation"": ""congruent"", ""phase"": ""TEST"", ""word"": ""RED"", ""response"": ""red""}"
debugcNPJT:debugKocwS,10,1486150599514,"{""rt"": 1372, ""hit"": true, ""color"": ""red"", ""relation"": ""unrelated"", ""phase"": ""TEST"", ""word"": ""SHIP"", ""response"": ""red""}"
debugcNPJT:debugKocwS,11,1486150600966,"{""rt"": 1452, ""hit"": true, ""color"": ""green"", ""relation"": ""unrelated"", ""phase"": ""TEST"", ""word"": ""MONKEY"", ""response"": ""green""}"
debugcNPJT:debugKocwS,12,1486150602188,"{""rt"": 1222, ""hit"": true, ""color"": ""blue"", ""relation"": ""congruent"", ""phase"": ""TEST"", ""word"": ""BLUE"", ""response"": ""blue""}"
debugcNPJT:debugKocwS,13,1486150603564,"{""rt"": 1375, ""hit"": true, ""color"": ""green"", ""relation"": ""congruent"", ""phase"": ""TEST"", ""word"": ""GREEN"", ""response"": ""green""}"
debugcNPJT:debugKocwS,14,1486150603583,"{""phase"": ""postquestionnaire"", ""status"": ""begin""}"
debugcNPJT:debugKocwS,15,1486150719084,"{""phase"": ""postquestionnaire"", ""status"": ""submit""}"
debugbJdGx:debuglTrWx,0,1486416624327,"{""action"": ""Begin"", ""phase"": ""INSTRUCTIONS"", ""templates"": [""instructions/instruct-1.html"", ""instructions/instruct-2.html"", ""instructions/instruct-3.html"", ""instructions/instruct-ready.html""]}"
debugbJdGx:debuglTrWx,1,1486416625650,"{""action"": ""NextPage"", ""indexOf"": 0, ""viewTime"": 1318, ""phase"": ""INSTRUCTIONS"", ""template"": ""instructions/instruct-1.html""}"
debugbJdGx:debuglTrWx,2,1486416626601,"{""action"": ""NextPage"", ""indexOf"": 1, ""viewTime"": 948, ""phase"": ""INSTRUCTIONS"", ""template"": ""instructions/instruct-2.html""}"
debugbJdGx:debuglTrWx,3,1486416628597,"{""action"": ""NextPage"", ""indexOf"": 2, ""viewTime"": 1994, ""phase"": ""INSTRUCTIONS"", ""template"": ""instructions/instruct-3.html""}"
debugbJdGx:debuglTrWx,4,1486416629728,"{""action"": ""FinishInstructions"", ""indexOf"": 3, ""viewTime"": 1130, ""phase"": ""INSTRUCTIONS"", ""template"": ""instructions/instruct-ready.html""}"
debugbJdGx:debuglTrWx,5,1486416729244,"{""action"": ""Begin"", ""phase"": ""INSTRUCTIONS"", ""templates"": [""instructions/instruct-ready.html""]}"
debugbJdGx:debuglTrWx,6,1486416730321,"{""action"": ""FinishInstructions"", ""indexOf"": 0, ""viewTime"": 1072, ""phase"": ""INSTRUCTIONS"", ""template"": ""instructions/instruct-ready.html""}"
debugbJdGx:debuglTrWx,7,1486417468694,"{""action"": ""Begin"", ""phase"": ""INSTRUCTIONS"", ""templates"": [""instructions/instruct-ready.html""]}"
debugbJdGx:debuglTrWx,8,1486417469695,"{""action"": ""FinishInstructions"", ""indexOf"": 0, ""viewTime"": 997, ""phase"": ""INSTRUCTIONS"", ""template"": ""instructions/instruct-ready.html""}"
debugbJdGx:debuglTrWx,9,1486418553655,"{""phase"": ""INSTRUCTIONS"", ""templates"": [""instructions/instruct-ready.html""], ""action"": ""Begin""}"
debugbJdGx:debuglTrWx,10,1486418554446,"{""phase"": ""INSTRUCTIONS"", ""indexOf"": 0, ""viewTime"": 784, ""action"": ""FinishInstructions"", ""template"": ""instructions/instruct-ready.html""}"
debugXODvU:debugrap31,0,1487358951495,"{""action"": ""Begin"", ""phase"": ""INSTRUCTIONS"", ""templates"": [""instructions/instruct-ready.html""]}"
debugXODvU:debugrap31,1,1487358952701,"{""action"": ""FinishInstructions"", ""indexOf"": 0, ""viewTime"": 1200, ""phase"": ""INSTRUCTIONS"", ""template"": ""instructions/instruct-ready.html""}"
debugXODvU:debugrap31,2,1487359355186,"{""action"": ""Begin"", ""phase"": ""INSTRUCTIONS"", ""templates"": [""instructions/instruct-ready.html""]}"
debugXODvU:debugrap31,3,1487359356471,"{""action"": ""FinishInstructions"", ""indexOf"": 0, ""viewTime"": 1281, ""phase"": ""INSTRUCTIONS"", ""template"": ""instructions/instruct-ready.html""}"
debugXODvU:debugrap31,4,1487359381907,"{""action"": ""Begin"", ""phase"": ""INSTRUCTIONS"", ""templates"": [""instructions/instruct-ready.html""]}"
debugXODvU:debugrap31,5,1487359382731,"{""action"": ""FinishInstructions"", ""indexOf"": 0, ""viewTime"": 820, ""phase"": ""INSTRUCTIONS"", ""template"": ""instructions/instruct-ready.html""}"
debugXODvU:debugrap31,6,1487360428387,"{""action"": ""Begin"", ""phase"": ""INSTRUCTIONS"", ""templates"": [""instructions/instruct-ready.html""]}"
debugXODvU:debugrap31,7,1487360429211,"{""action"": ""FinishInstructions"", ""indexOf"": 0, ""viewTime"": 819, ""phase"": ""INSTRUCTIONS"", ""template"": ""instructions/instruct-ready.html""}"
debugXODvU:debugrap31,8,1487360916571,"{""action"": ""Begin"", ""phase"": ""INSTRUCTIONS"", ""templates"": [""instructions/instruct-ready.html""]}"
debugXODvU:debugrap31,9,1487360935346,"{""action"": ""FinishInstructions"", ""indexOf"": 0, ""viewTime"": 18771, ""phase"": ""INSTRUCTIONS"", ""template"": ""instructions/instruct-ready.html""}"
debugXODvU:debugrap31,10,1487361461722,"{""action"": ""Begin"", ""phase"": ""INSTRUCTIONS"", ""templates"": [""instructions/instruct-ready.html""]}"
debugXODvU:debugrap31,11,1487361462860,"{""action"": ""FinishInstructions"", ""indexOf"": 0, ""viewTime"": 1134, ""phase"": ""INSTRUCTIONS"", ""template"": ""instructions/instruct-ready.html""}"
debugXODvU:debugrap31,12,1487361475997,"{""action"": ""Begin"", ""phase"": ""INSTRUCTIONS"", ""templates"": [""instructions/instruct-ready.html""]}"
debugXODvU:debugrap31,13,1487361476748,"{""action"": ""FinishInstructions"", ""indexOf"": 0, ""viewTime"": 747, ""phase"": ""INSTRUCTIONS"", ""template"": ""instructions/instruct-ready.html""}"
debugXODvU:debugrap31,14,1487361501895,"{""action"": ""Begin"", ""phase"": ""INSTRUCTIONS"", ""templates"": [""instructions/instruct-ready.html""]}"
debugXODvU:debugrap31,15,1487361503442,"{""action"": ""FinishInstructions"", ""indexOf"": 0, ""viewTime"": 1543, ""phase"": ""INSTRUCTIONS"", ""template"": ""instructions/instruct-ready.html""}"
debugXODvU:debugrap31,16,1487361554394,"{""action"": ""Begin"", ""phase"": ""INSTRUCTIONS"", ""templates"": [""instructions/instruct-ready.html""]}"
debugXODvU:debugrap31,17,1487361555358,"{""action"": ""FinishInstructions"", ""indexOf"": 0, ""viewTime"": 960, ""phase"": ""INSTRUCTIONS"", ""template"": ""instructions/instruct-ready.html""}"
debugXODvU:debugrap31,18,1487362832290,"{""action"": ""Begin"", ""phase"": ""INSTRUCTIONS"", ""templates"": [""instructions/instruct-ready.html""]}"
debugXODvU:debugrap31,19,1487362833404,"{""action"": ""FinishInstructions"", ""indexOf"": 0, ""viewTime"": 1110, ""phase"": ""INSTRUCTIONS"", ""template"": ""instructions/instruct-ready.html""}"
debugXODvU:debugrap31,20,1487362995221,"{""action"": ""Begin"", ""phase"": ""INSTRUCTIONS"", ""templates"": [""instructions/instruct-ready.html""]}"
debugXODvU:debugrap31,21,1487362996350,"{""action"": ""FinishInstructions"", ""indexOf"": 0, ""viewTime"": 1125, ""phase"": ""INSTRUCTIONS"", ""template"": ""instructions/instruct-ready.html""}"
debugXODvU:debugrap31,22,1487363158172,"{""action"": ""Begin"", ""phase"": ""INSTRUCTIONS"", ""templates"": [""instructions/instruct-ready.html""]}"
debugXODvU:debugrap31,23,1487363158972,"{""action"": ""FinishInstructions"", ""indexOf"": 0, ""viewTime"": 795, ""phase"": ""INSTRUCTIONS"", ""template"": ""instructions/instruct-ready.html""}"
debugXODvU:debugrap31,24,1487363225944,"{""action"": ""Begin"", ""phase"": ""INSTRUCTIONS"", ""templates"": [""instructions/instruct-ready.html""]}"
debugXODvU:debugrap31,25,1487363226753,"{""action"": ""FinishInstructions"", ""indexOf"": 0, ""viewTime"": 804, ""phase"": ""INSTRUCTIONS"", ""template"": ""instructions/instruct-ready.html""}"
debugXODvU:debugrap31,26,1487363405233,"{""action"": ""Begin"", ""phase"": ""INSTRUCTIONS"", ""templates"": [""instructions/instruct-ready.html""]}"
debugXODvU:debugrap31,27,1487363406259,"{""action"": ""FinishInstructions"", ""indexOf"": 0, ""viewTime"": 1022, ""phase"": ""INSTRUCTIONS"", ""template"": ""instructions/instruct-ready.html""}"
debugXODvU:debugrap31,28,1487363809097,"{""action"": ""Begin"", ""phase"": ""INSTRUCTIONS"", ""templates"": [""instructions/instruct-ready.html""]}"
debugXODvU:debugrap31,29,1487363810090,"{""action"": ""FinishInstructions"", ""indexOf"": 0, ""viewTime"": 989, ""phase"": ""INSTRUCTIONS"", ""template"": ""instructions/instruct-ready.html""}"
debugXODvU:debugrap31,30,1487363952475,"{""action"": ""Begin"", ""phase"": ""INSTRUCTIONS"", ""templates"": [""instructions/instruct-ready.html""]}"
debugXODvU:debugrap31,31,1487363953341,"{""action"": ""FinishInstructions"", ""indexOf"": 0, ""viewTime"": 861, ""phase"": ""INSTRUCTIONS"", ""template"": ""instructions/instruct-ready.html""}"
debugXODvU:debugrap31,32,1487363963319,"{""action"": ""Begin"", ""phase"": ""INSTRUCTIONS"", ""templates"": [""instructions/instruct-ready.html""]}"
debugXODvU:debugrap31,33,1487363964249,"{""action"": ""FinishInstructions"", ""indexOf"": 0, ""viewTime"": 929, ""phase"": ""INSTRUCTIONS"", ""template"": ""instructions/instruct-ready.html""}"
debugXODvU:debugrap31,34,1487364299147,"{""action"": ""Begin"", ""phase"": ""INSTRUCTIONS"", ""templates"": [""instructions/instruct-ready.html""]}"
debugXODvU:debugrap31,35,1487364300021,"{""action"": ""FinishInstructions"", ""indexOf"": 0, ""viewTime"": 870, ""phase"": ""INSTRUCTIONS"", ""template"": ""instructions/instruct-ready.html""}"
debugXODvU:debugrap31,36,1487365016868,"{""action"": ""Begin"", ""phase"": ""INSTRUCTIONS"", ""templates"": [""instructions/instruct-ready.html""]}"
debugXODvU:debugrap31,37,1487365017605,"{""action"": ""FinishInstructions"", ""indexOf"": 0, ""viewTime"": 733, ""phase"": ""INSTRUCTIONS"", ""template"": ""instructions/instruct-ready.html""}"
debugXODvU:debugrap31,38,1487365385970,"{""action"": ""Begin"", ""phase"": ""INSTRUCTIONS"", ""templates"": [""instructions/instruct-ready.html""]}"
debugXODvU:debugrap31,39,1487365390962,"{""action"": ""FinishInstructions"", ""indexOf"": 0, ""viewTime"": 4988, ""phase"": ""INSTRUCTIONS"", ""template"": ""instructions/instruct-ready.html""}"
debugXODvU:debugrap31,40,1487365470344,"{""action"": ""Begin"", ""phase"": ""INSTRUCTIONS"", ""templates"": [""instructions/instruct-ready.html""]}"
debugXODvU:debugrap31,41,1487365471249,"{""action"": ""FinishInstructions"", ""indexOf"": 0, ""viewTime"": 901, ""phase"": ""INSTRUCTIONS"", ""template"": ""instructions/instruct-ready.html""}"
debugXODvU:debugrap31,42,1487366125177,"{""action"": ""Begin"", ""phase"": ""INSTRUCTIONS"", ""templates"": [""instructions/instruct-ready.html""]}"
debugXODvU:debugrap31,43,1487366126028,"{""action"": ""FinishInstructions"", ""indexOf"": 0, ""viewTime"": 847, ""phase"": ""INSTRUCTIONS"", ""template"": ""instructions/instruct-ready.html""}"
debugXODvU:debugrap31,44,1487366234827,"{""action"": ""Begin"", ""phase"": ""INSTRUCTIONS"", ""templates"": [""instructions/instruct-ready.html""]}"
debugXODvU:debugrap31,45,1487366235817,"{""action"": ""FinishInstructions"", ""indexOf"": 0, ""viewTime"": 986, ""phase"": ""INSTRUCTIONS"", ""template"": ""instructions/instruct-ready.html""}"
debugXODvU:debugrap31,46,1487366355154,"{""action"": ""Begin"", ""phase"": ""INSTRUCTIONS"", ""templates"": [""instructions/instruct-ready.html""]}"
debugXODvU:debugrap31,47,1487366356227,"{""action"": ""FinishInstructions"", ""indexOf"": 0, ""viewTime"": 1069, ""phase"": ""INSTRUCTIONS"", ""template"": ""instructions/instruct-ready.html""}"
debugXODvU:debugrap31,48,1487366471908,"{""action"": ""Begin"", ""phase"": ""INSTRUCTIONS"", ""templates"": [""instructions/instruct-ready.html""]}"
debugXODvU:debugrap31,49,1487366472795,"{""action"": ""FinishInstructions"", ""indexOf"": 0, ""viewTime"": 882, ""phase"": ""INSTRUCTIONS"", ""template"": ""instructions/instruct-ready.html""}"
debugXODvU:debugrap31,50,1487366699809,"{""action"": ""Begin"", ""phase"": ""INSTRUCTIONS"", ""templates"": [""instructions/instruct-ready.html""]}"
debugXODvU:debugrap31,51,1487366700895,"{""action"": ""FinishInstructions"", ""indexOf"": 0, ""viewTime"": 1081, ""phase"": ""INSTRUCTIONS"", ""template"": ""instructions/instruct-ready.html""}"
debugXODvU:debugrap31,52,1487367023119,"{""action"": ""Begin"", ""phase"": ""INSTRUCTIONS"", ""templates"": [""instructions/instruct-ready.html""]}"
debugXODvU:debugrap31,53,1487367023872,"{""action"": ""FinishInstructions"", ""indexOf"": 0, ""viewTime"": 749, ""phase"": ""INSTRUCTIONS"", ""template"": ""instructions/instruct-ready.html""}"
debugXODvU:debugrap31,54,1487367125438,"{""phase"": ""INSTRUCTIONS"", ""templates"": [""instructions/instruct-ready.html""], ""action"": ""Begin""}"
debugXODvU:debugrap31,55,1487367126667,"{""phase"": ""INSTRUCTIONS"", ""indexOf"": 0, ""viewTime"": 1225, ""action"": ""FinishInstructions"", ""template"": ""instructions/instruct-ready.html""}"
debugkEwWf:debugHYbCt,0,1487963237262,"{""action"": ""Begin"", ""phase"": ""INSTRUCTIONS"", ""templates"": [""instructions/instruct-ready.html""]}"
debugkEwWf:debugHYbCt,1,1487963239935,"{""action"": ""FinishInstructions"", ""indexOf"": 0, ""viewTime"": 2665, ""phase"": ""INSTRUCTIONS"", ""template"": ""instructions/instruct-ready.html""}"
debugkEwWf:debugHYbCt,2,1487963444491,"{""action"": ""Begin"", ""phase"": ""INSTRUCTIONS"", ""templates"": [""instructions/instruct-ready.html""]}"
debugkEwWf:debugHYbCt,3,1487963445574,"{""action"": ""FinishInstructions"", ""indexOf"": 0, ""viewTime"": 1079, ""phase"": ""INSTRUCTIONS"", ""template"": ""instructions/instruct-ready.html""}"
debugkEwWf:debugHYbCt,4,1487963771662,"{""action"": ""Begin"", ""phase"": ""INSTRUCTIONS"", ""templates"": [""instructions/instruct-ready.html""]}"
debugkEwWf:debugHYbCt,5,1487963773684,"{""action"": ""FinishInstructions"", ""indexOf"": 0, ""viewTime"": 2017, ""phase"": ""INSTRUCTIONS"", ""template"": ""instructions/instruct-ready.html""}"
debugkEwWf:debugHYbCt,6,1487963816965,"{""action"": ""Begin"", ""phase"": ""INSTRUCTIONS"", ""templates"": [""instructions/instruct-ready.html""]}"
debugkEwWf:debugHYbCt,7,1487963817833,"{""action"": ""FinishInstructions"", ""indexOf"": 0, ""viewTime"": 864, ""phase"": ""INSTRUCTIONS"", ""template"": ""instructions/instruct-ready.html""}"
debugkEwWf:debugHYbCt,8,1487963965801,"{""phase"": ""INSTRUCTIONS"", ""templates"": [""instructions/instruct-ready.html""], ""action"": ""Begin""}"
debugkEwWf:debugHYbCt,9,1487963966787,"{""phase"": ""INSTRUCTIONS"", ""indexOf"": 0, ""viewTime"": 981, ""action"": ""FinishInstructions"", ""template"": ""instructions/instruct-ready.html""}"
debug92Sk3:debugFWcbu,0,1487972960824,"{""action"": ""Begin"", ""phase"": ""INSTRUCTIONS"", ""templates"": [""instructions/instruct-ready.html""]}"
debug92Sk3:debugFWcbu,1,1487972961586,"{""action"": ""FinishInstructions"", ""indexOf"": 0, ""viewTime"": 757, ""phase"": ""INSTRUCTIONS"", ""template"": ""instructions/instruct-ready.html""}"
debug92Sk3:debugFWcbu,2,1487973050369,"{""action"": ""Begin"", ""phase"": ""INSTRUCTIONS"", ""templates"": [""instructions/instruct-ready.html""]}"
debug92Sk3:debugFWcbu,3,1487973051681,"{""action"": ""FinishInstructions"", ""indexOf"": 0, ""viewTime"": 1307, ""phase"": ""INSTRUCTIONS"", ""template"": ""instructions/instruct-ready.html""}"
debug92Sk3:debugFWcbu,4,1487973338037,"{""action"": ""Begin"", ""phase"": ""INSTRUCTIONS"", ""templates"": [""instructions/instruct-ready.html""]}"
debug92Sk3:debugFWcbu,5,1487973338794,"{""action"": ""FinishInstructions"", ""indexOf"": 0, ""viewTime"": 753, ""phase"": ""INSTRUCTIONS"", ""template"": ""instructions/instruct-ready.html""}"
debug92Sk3:debugFWcbu,6,1488050731018,"{""action"": ""Begin"", ""phase"": ""INSTRUCTIONS"", ""templates"": [""instructions/instruct-ready.html""]}"
debug92Sk3:debugFWcbu,7,1488050732043,"{""action"": ""FinishInstructions"", ""indexOf"": 0, ""viewTime"": 1019, ""phase"": ""INSTRUCTIONS"", ""template"": ""instructions/instruct-ready.html""}"
debug92Sk3:debugFWcbu,8,1488050850466,"{""action"": ""Begin"", ""phase"": ""INSTRUCTIONS"", ""templates"": [""instructions/instruct-ready.html""]}"
debug92Sk3:debugFWcbu,9,1488050854530,"{""action"": ""FinishInstructions"", ""indexOf"": 0, ""viewTime"": 4060, ""phase"": ""INSTRUCTIONS"", ""template"": ""instructions/instruct-ready.html""}"
debug92Sk3:debugFWcbu,10,1488051140953,"{""action"": ""Begin"", ""phase"": ""INSTRUCTIONS"", ""templates"": [""instructions/instruct-ready.html""]}"
debug92Sk3:debugFWcbu,11,1488051141821,"{""action"": ""FinishInstructions"", ""indexOf"": 0, ""viewTime"": 863, ""phase"": ""INSTRUCTIONS"", ""template"": ""instructions/instruct-ready.html""}"
debug92Sk3:debugFWcbu,12,1488051187955,"{""action"": ""Begin"", ""phase"": ""INSTRUCTIONS"", ""templates"": [""instructions/instruct-ready.html""]}"
debug92Sk3:debugFWcbu,13,1488051190870,"{""action"": ""FinishInstructions"", ""indexOf"": 0, ""viewTime"": 2910, ""phase"": ""INSTRUCTIONS"", ""template"": ""instructions/instruct-ready.html""}"
debug92Sk3:debugFWcbu,14,1488051653332,"{""action"": ""Begin"", ""phase"": ""INSTRUCTIONS"", ""templates"": [""instructions/instruct-ready.html""]}"
debug92Sk3:debugFWcbu,15,1488051654235,"{""action"": ""FinishInstructions"", ""indexOf"": 0, ""viewTime"": 898, ""phase"": ""INSTRUCTIONS"", ""template"": ""instructions/instruct-ready.html""}"
debug92Sk3:debugFWcbu,16,1488052380112,"{""action"": ""Begin"", ""phase"": ""INSTRUCTIONS"", ""templates"": [""instructions/instruct-ready.html""]}"
debug92Sk3:debugFWcbu,17,1488052381274,"{""action"": ""FinishInstructions"", ""indexOf"": 0, ""viewTime"": 1158, ""phase"": ""INSTRUCTIONS"", ""template"": ""instructions/instruct-ready.html""}"
debug92Sk3:debugFWcbu,18,1488053800564,"{""action"": ""Begin"", ""phase"": ""INSTRUCTIONS"", ""templates"": [""instructions/instruct-ready.html""]}"
debug92Sk3:debugFWcbu,19,1488053801722,"{""action"": ""FinishInstructions"", ""indexOf"": 0, ""viewTime"": 1154, ""phase"": ""INSTRUCTIONS"", ""template"": ""instructions/instruct-ready.html""}"
debug92Sk3:debugFWcbu,20,1488054154075,"{""action"": ""Begin"", ""phase"": ""INSTRUCTIONS"", ""templates"": [""instructions/instruct-ready.html""]}"
debug92Sk3:debugFWcbu,21,1488054155013,"{""action"": ""FinishInstructions"", ""indexOf"": 0, ""viewTime"": 933, ""phase"": ""INSTRUCTIONS"", ""template"": ""instructions/instruct-ready.html""}"
debug92Sk3:debugFWcbu,22,1488054177927,"{""action"": ""Begin"", ""phase"": ""INSTRUCTIONS"", ""templates"": [""instructions/instruct-ready.html""]}"
debug92Sk3:debugFWcbu,23,1488054179153,"{""action"": ""FinishInstructions"", ""indexOf"": 0, ""viewTime"": 1222, ""phase"": ""INSTRUCTIONS"", ""template"": ""instructions/instruct-ready.html""}"
debug92Sk3:debugFWcbu,24,1488054243482,"{""action"": ""Begin"", ""phase"": ""INSTRUCTIONS"", ""templates"": [""instructions/instruct-ready.html""]}"
debug92Sk3:debugFWcbu,25,1488054244332,"{""action"": ""FinishInstructions"", ""indexOf"": 0, ""viewTime"": 846, ""phase"": ""INSTRUCTIONS"", ""template"": ""instructions/instruct-ready.html""}"
debug92Sk3:debugFWcbu,26,1488054311009,"{""action"": ""Begin"", ""phase"": ""INSTRUCTIONS"", ""templates"": [""instructions/instruct-ready.html""]}"
debug92Sk3:debugFWcbu,27,1488054312103,"{""action"": ""FinishInstructions"", ""indexOf"": 0, ""viewTime"": 1090, ""phase"": ""INSTRUCTIONS"", ""template"": ""instructions/instruct-ready.html""}"
debug92Sk3:debugFWcbu,28,1488054508240,"{""action"": ""Begin"", ""phase"": ""INSTRUCTIONS"", ""templates"": [""instructions/instruct-ready.html""]}"
debug92Sk3:debugFWcbu,29,1488054509089,"{""action"": ""FinishInstructions"", ""indexOf"": 0, ""viewTime"": 844, ""phase"": ""INSTRUCTIONS"", ""template"": ""instructions/instruct-ready.html""}"
debug92Sk3:debugFWcbu,30,1488054608352,"{""phase"": ""INSTRUCTIONS"", ""templates"": [""instructions/instruct-ready.html""], ""action"": ""Begin""}"
debug92Sk3:debugFWcbu,31,1488054609349,"{""phase"": ""INSTRUCTIONS"", ""indexOf"": 0, ""viewTime"": 993, ""action"": ""FinishInstructions"", ""template"": ""instructions/instruct-ready.html""}"
debugJsLc7:debugNJYH6,0,1488568851226,"{""action"": ""Begin"", ""phase"": ""INSTRUCTIONS"", ""templates"": [""instructions/instruct-ready.html""]}"
debugJsLc7:debugNJYH6,1,1488568854013,"{""action"": ""FinishInstructions"", ""indexOf"": 0, ""viewTime"": 2779, ""phase"": ""INSTRUCTIONS"", ""template"": ""instructions/instruct-ready.html""}"
debugJsLc7:debugNJYH6,2,1488569431061,"{""action"": ""Begin"", ""phase"": ""INSTRUCTIONS"", ""templates"": [""instructions/instruct-ready.html""]}"
debugJsLc7:debugNJYH6,3,1488569432088,"{""action"": ""FinishInstructions"", ""indexOf"": 0, ""viewTime"": 1022, ""phase"": ""INSTRUCTIONS"", ""template"": ""instructions/instruct-ready.html""}"
debugJsLc7:debugNJYH6,4,1488573781543,"{""action"": ""Begin"", ""phase"": ""INSTRUCTIONS"", ""templates"": [""instructions/instruct-ready.html""]}"
debugJsLc7:debugNJYH6,5,1488573782429,"{""action"": ""FinishInstructions"", ""indexOf"": 0, ""viewTime"": 880, ""phase"": ""INSTRUCTIONS"", ""template"": ""instructions/instruct-ready.html""}"
debugJsLc7:debugNJYH6,6,1488574905753,"{""action"": ""Begin"", ""phase"": ""INSTRUCTIONS"", ""templates"": [""instructions/instruct-ready.html""]}"
debugJsLc7:debugNJYH6,7,1488574906842,"{""action"": ""FinishInstructions"", ""indexOf"": 0, ""viewTime"": 1085, ""phase"": ""INSTRUCTIONS"", ""template"": ""instructions/instruct-ready.html""}"
debugJsLc7:debugNJYH6,8,1488576162441,"{""action"": ""Begin"", ""phase"": ""INSTRUCTIONS"", ""templates"": [""instructions/instruct-ready.html""]}"
debugJsLc7:debugNJYH6,9,1488576163308,"{""action"": ""FinishInstructions"", ""indexOf"": 0, ""viewTime"": 863, ""phase"": ""INSTRUCTIONS"", ""template"": ""instructions/instruct-ready.html""}"
debugJsLc7:debugNJYH6,10,1488576348998,"{""action"": ""Begin"", ""phase"": ""INSTRUCTIONS"", ""templates"": [""instructions/instruct-ready.html""]}"
debugJsLc7:debugNJYH6,11,1488576349655,"{""action"": ""FinishInstructions"", ""indexOf"": 0, ""viewTime"": 650, ""phase"": ""INSTRUCTIONS"", ""template"": ""instructions/instruct-ready.html""}"
debugJsLc7:debugNJYH6,12,1488576388386,"{""action"": ""Begin"", ""phase"": ""INSTRUCTIONS"", ""templates"": [""instructions/instruct-ready.html""]}"
debugJsLc7:debugNJYH6,13,1488576389239,"{""action"": ""FinishInstructions"", ""indexOf"": 0, ""viewTime"": 849, ""phase"": ""INSTRUCTIONS"", ""template"": ""instructions/instruct-ready.html""}"
debugJsLc7:debugNJYH6,14,1488577800115,"{""action"": ""Begin"", ""phase"": ""INSTRUCTIONS"", ""templates"": [""instructions/instruct-ready.html""]}"
debugJsLc7:debugNJYH6,15,1488577811423,"{""action"": ""FinishInstructions"", ""indexOf"": 0, ""viewTime"": 11301, ""phase"": ""INSTRUCTIONS"", ""template"": ""instructions/instruct-ready.html""}"
debugJsLc7:debugNJYH6,16,1488578031050,"{""action"": ""Begin"", ""phase"": ""INSTRUCTIONS"", ""templates"": [""instructions/instruct-ready.html""]}"
debugJsLc7:debugNJYH6,17,1488578035982,"{""action"": ""FinishInstructions"", ""indexOf"": 0, ""viewTime"": 4928, ""phase"": ""INSTRUCTIONS"", ""template"": ""instructions/instruct-ready.html""}"
debugJsLc7:debugNJYH6,18,1488578267161,"{""action"": ""Begin"", ""phase"": ""INSTRUCTIONS"", ""templates"": [""instructions/instruct-ready.html""]}"
debugJsLc7:debugNJYH6,19,1488578268349,"{""action"": ""FinishInstructions"", ""indexOf"": 0, ""viewTime"": 1184, ""phase"": ""INSTRUCTIONS"", ""template"": ""instructions/instruct-ready.html""}"
debugJsLc7:debugNJYH6,20,1488578426196,"{""action"": ""Begin"", ""phase"": ""INSTRUCTIONS"", ""templates"": [""instructions/instruct-ready.html""]}"
debugJsLc7:debugNJYH6,21,1488578427746,"{""action"": ""FinishInstructions"", ""indexOf"": 0, ""viewTime"": 1546, ""phase"": ""INSTRUCTIONS"", ""template"": ""instructions/instruct-ready.html""}"
debugJsLc7:debugNJYH6,22,1488578501508,"{""action"": ""Begin"", ""phase"": ""INSTRUCTIONS"", ""templates"": [""instructions/instruct-ready.html""]}"
debugJsLc7:debugNJYH6,23,1488578502496,"{""action"": ""FinishInstructions"", ""indexOf"": 0, ""viewTime"": 983, ""phase"": ""INSTRUCTIONS"", ""template"": ""instructions/instruct-ready.html""}"
debugJsLc7:debugNJYH6,24,1488578570665,"{""action"": ""Begin"", ""phase"": ""INSTRUCTIONS"", ""templates"": [""instructions/instruct-ready.html""]}"
debugJsLc7:debugNJYH6,25,1488578572093,"{""action"": ""FinishInstructions"", ""indexOf"": 0, ""viewTime"": 1423, ""phase"": ""INSTRUCTIONS"", ""template"": ""instructions/instruct-ready.html""}"
debugJsLc7:debugNJYH6,26,1488587836316,"{""action"": ""Begin"", ""phase"": ""INSTRUCTIONS"", ""templates"": [""instructions/instruct-ready.html""]}"
debugJsLc7:debugNJYH6,27,1488587848284,"{""action"": ""FinishInstructions"", ""indexOf"": 0, ""viewTime"": 11964, ""phase"": ""INSTRUCTIONS"", ""template"": ""instructions/instruct-ready.html""}"
debugJsLc7:debugNJYH6,28,1488587910281,"{""action"": ""Begin"", ""phase"": ""INSTRUCTIONS"", ""templates"": [""instructions/instruct-ready.html""]}"
debugJsLc7:debugNJYH6,29,1488587912791,"{""action"": ""FinishInstructions"", ""indexOf"": 0, ""viewTime"": 2505, ""phase"": ""INSTRUCTIONS"", ""template"": ""instructions/instruct-ready.html""}"
debugJsLc7:debugNJYH6,30,1488588009734,"{""action"": ""Begin"", ""phase"": ""INSTRUCTIONS"", ""templates"": [""instructions/instruct-ready.html""]}"
debugJsLc7:debugNJYH6,31,1488588011119,"{""action"": ""FinishInstructions"", ""indexOf"": 0, ""viewTime"": 1366, ""phase"": ""INSTRUCTIONS"", ""template"": ""instructions/instruct-ready.html""}"
debugJsLc7:debugNJYH6,32,1488588145614,"{""phase"": ""INSTRUCTIONS"", ""templates"": [""instructions/instruct-ready.html""], ""action"": ""Begin""}"
debugJsLc7:debugNJYH6,33,1488588146479,"{""phase"": ""INSTRUCTIONS"", ""indexOf"": 0, ""viewTime"": 851, ""action"": ""FinishInstructions"", ""template"": ""instructions/instruct-ready.html""}"
debugKRvwn:debugg6NZo,0,1489174887336,"{""phase"": ""INSTRUCTIONS"", ""templates"": [""instructions/instruct-ready.html""], ""action"": ""Begin""}"
debugKRvwn:debugg6NZo,1,1489174888972,"{""phase"": ""INSTRUCTIONS"", ""indexOf"": 0, ""viewTime"": 1632, ""action"": ""FinishInstructions"", ""template"": ""instructions/instruct-ready.html""}"
debugK3N4c:debugrfw6a,0,1489175026918,"{""phase"": ""INSTRUCTIONS"", ""templates"": [""instructions/instruct-ready.html""], ""action"": ""Begin""}"
debugK3N4c:debugrfw6a,1,1489175028722,"{""phase"": ""INSTRUCTIONS"", ""indexOf"": 0, ""viewTime"": 1800, ""action"": ""FinishInstructions"", ""template"": ""instructions/instruct-ready.html""}"
debug7yuaV:debugHZ8Jz,0,1489813456529,"{""phase"": ""INSTRUCTIONS"", ""templates"": [""instructions/instruct-ready.html""], ""action"": ""Begin""}"
debug7yuaV:debugHZ8Jz,1,1489813473212,"{""phase"": ""INSTRUCTIONS"", ""indexOf"": 0, ""viewTime"": 16677, ""action"": ""FinishInstructions"", ""template"": ""instructions/instruct-ready.html""}"
debugNbAA5:debugY9oXD,0,1489963363014,"{""phase"": ""INSTRUCTIONS"", ""templates"": [""instructions/instruct-ready.html""], ""action"": ""Begin""}"
debugNbAA5:debugY9oXD,1,1489963364121,"{""phase"": ""INSTRUCTIONS"", ""indexOf"": 0, ""viewTime"": 1099, ""action"": ""FinishInstructions"", ""template"": ""instructions/instruct-ready.html""}"
debugvAKAi:debugxkwZp,0,1489963590839,"{""action"": ""Begin"", ""phase"": ""INSTRUCTIONS"", ""templates"": [""instructions/instruct-ready.html""]}"
debugvAKAi:debugxkwZp,1,1489963591771,"{""action"": ""FinishInstructions"", ""indexOf"": 0, ""viewTime"": 924, ""phase"": ""INSTRUCTIONS"", ""template"": ""instructions/instruct-ready.html""}"
debugvAKAi:debugxkwZp,2,1489963760882,"{""action"": ""Begin"", ""phase"": ""INSTRUCTIONS"", ""templates"": [""instructions/instruct-ready.html""]}"
debugvAKAi:debugxkwZp,3,1489963761869,"{""action"": ""FinishInstructions"", ""indexOf"": 0, ""viewTime"": 983, ""phase"": ""INSTRUCTIONS"", ""template"": ""instructions/instruct-ready.html""}"
debugvAKAi:debugxkwZp,4,1489963878081,"{""phase"": ""INSTRUCTIONS"", ""templates"": [""instructions/instruct-ready.html""], ""action"": ""Begin""}"
debugvAKAi:debugxkwZp,5,1489963878780,"{""phase"": ""INSTRUCTIONS"", ""indexOf"": 0, ""viewTime"": 695, ""action"": ""FinishInstructions"", ""template"": ""instructions/instruct-ready.html""}"
debugvAKAi:debugxkwZp,6,1489963891379,"{""angle"": 60.945395900922875, ""tryNumber"": 1}"
debugvAKAi:debugxkwZp,7,1489963894901,"{""angle"": 48.91824886406738, ""tryNumber"": 2}"
debugvAKAi:debugxkwZp,8,1489963899791,"{""angle"": -49.39870535499551, ""tryNumber"": 1}"
debugvAKAi:debugxkwZp,9,1489963903401,"{""angle"": -42.51044707800085, ""tryNumber"": 2}"
debugvAKAi:debugxkwZp,10,1489963907851,"{""angle"": -50.96448710125313, ""tryNumber"": 3}"
debugxdHVE:debugVbJAj,0,1489968248078,"{""phase"": ""INSTRUCTIONS"", ""templates"": [""instructions/instruct-ready.html""], ""action"": ""Begin""}"
debugxdHVE:debugVbJAj,1,1489968249322,"{""phase"": ""INSTRUCTIONS"", ""indexOf"": 0, ""viewTime"": 1240, ""action"": ""FinishInstructions"", ""template"": ""instructions/instruct-ready.html""}"
debugxdHVE:debugVbJAj,2,1489968261129,"{""angle"": -62.48799737614857, ""tryNumber"": 1}"
debugxdHVE:debugVbJAj,3,1489968265215,"{""angle"": -51.84277341263095, ""tryNumber"": 2}"
debugxdHVE:debugVbJAj,4,1489968271632,"{""angle"": -59.03624346792648, ""tryNumber"": 1}"
debugxdHVE:debugVbJAj,5,1489968278688,"{""angle"": -66.19405648154228, ""tryNumber"": 2}"
debugxdHVE:debugVbJAj,6,1489968294549,"{""angle"": -73.3007557660064, ""tryNumber"": 3}"
debug6K8fr:debug47xUD,0,1489984529795,"{""phase"": ""INSTRUCTIONS"", ""templates"": [""instructions/instruct-ready.html""], ""action"": ""Begin""}"
debug6K8fr:debug47xUD,1,1489984530903,"{""phase"": ""INSTRUCTIONS"", ""indexOf"": 0, ""viewTime"": 1103, ""action"": ""FinishInstructions"", ""template"": ""instructions/instruct-ready.html""}"
debug6K8fr:debug47xUD,2,1489984601602,"{""angle"": 54.16234704572171, ""tryNumber"": 1}"
debug6K8fr:debug47xUD,3,1489984605129,"{""angle"": -67.55724663470568, ""tryNumber"": 2}"
debug6K8fr:debug47xUD,4,1489984609622,"{""angle"": 35.21759296819272, ""tryNumber"": 1}"
debug6K8fr:debug47xUD,5,1489984613602,"{""angle"": 23.824260582895405, ""tryNumber"": 2}"
debug6K8fr:debug47xUD,6,1489984617367,"{""angle"": 28.61045966596521, ""tryNumber"": 3}"
debugc5QrB:debugco5dk,0,1490164043210,"{""phase"": ""INSTRUCTIONS"", ""templates"": [""instructions/instruct-ready.html""], ""action"": ""Begin""}"
debugc5QrB:debugco5dk,1,1490164044290,"{""phase"": ""INSTRUCTIONS"", ""indexOf"": 0, ""viewTime"": 1072, ""action"": ""FinishInstructions"", ""template"": ""instructions/instruct-ready.html""}"
debugG3T5QR:debugU79QR3,0,1490379822211,"{""action"": ""Begin"", ""phase"": ""INSTRUCTIONS"", ""templates"": [""instructions/instruct-ready.html""]}"
debugG3T5QR:debugU79QR3,1,1490379823422,"{""action"": ""FinishInstructions"", ""indexOf"": 0, ""viewTime"": 1206, ""phase"": ""INSTRUCTIONS"", ""template"": ""instructions/instruct-ready.html""}"
debugG3T5QR:debugU79QR3,2,1490380171169,"{""action"": ""Begin"", ""phase"": ""INSTRUCTIONS"", ""templates"": [""instructions/instruct-ready.html""]}"
debugG3T5QR:debugU79QR3,3,1490380172779,"{""action"": ""FinishInstructions"", ""indexOf"": 0, ""viewTime"": 1606, ""phase"": ""INSTRUCTIONS"", ""template"": ""instructions/instruct-ready.html""}"
debugG3T5QR:debugU79QR3,4,1490380321744,"{""action"": ""Begin"", ""phase"": ""INSTRUCTIONS"", ""templates"": [""instructions/instruct-ready.html""]}"
debugG3T5QR:debugU79QR3,5,1490380322972,"{""action"": ""FinishInstructions"", ""indexOf"": 0, ""viewTime"": 1224, ""phase"": ""INSTRUCTIONS"", ""template"": ""instructions/instruct-ready.html""}"
debugG3T5QR:debugU79QR3,6,1490380414295,"{""action"": ""Begin"", ""phase"": ""INSTRUCTIONS"", ""templates"": [""instructions/instruct-ready.html""]}"
debugG3T5QR:debugU79QR3,7,1490380415132,"{""action"": ""FinishInstructions"", ""indexOf"": 0, ""viewTime"": 833, ""phase"": ""INSTRUCTIONS"", ""template"": ""instructions/instruct-ready.html""}"
debugG3T5QR:debugU79QR3,8,1490380426296,"{""angle"": -31.42956561483851, ""tryNumber"": 1}"
debugG3T5QR:debugU79QR3,9,1490380430578,"{""angle"": -35.537677791974374, ""tryNumber"": 2}"
debugG3T5QR:debugU79QR3,10,1490380435178,"{""angle"": 76.82744657667311, ""tryNumber"": 1}"
debugG3T5QR:debugU79QR3,11,1490380439101,"{""angle"": 76.56897112931833, ""tryNumber"": 2}"
debugG3T5QR:debugU79QR3,12,1490380443290,"{""angle"": 71.89623696549337, ""tryNumber"": 3}"
debugG3T5QR:debugU79QR3,13,1490382215796,"{""phase"": ""INSTRUCTIONS"", ""templates"": [""instructions/instruct-ready.html""], ""action"": ""Begin""}"
debugG3T5QR:debugU79QR3,14,1490382217111,"{""phase"": ""INSTRUCTIONS"", ""indexOf"": 0, ""viewTime"": 1311, ""action"": ""FinishInstructions"", ""template"": ""instructions/instruct-ready.html""}"
debugG3T5QR:debugU79QR3,15,1490382228292,"{""angle"": -70.82099197418927, ""tryNumber"": 1}"
debugG3T5QR:debugU79QR3,16,1490382232133,"{""angle"": -72.12130340415865, ""tryNumber"": 2}"
debugG3T5QR:debugU79QR3,17,1490382236425,"{""angle"": -57.78345394142437, ""tryNumber"": 1}"
debugG3T5QR:debugU79QR3,18,1490382240546,"{""angle"": -56.10383343663608, ""tryNumber"": 2}"
debugG3T5QR:debugU79QR3,19,1490382245437,"{""angle"": -63.43494882292201, ""tryNumber"": 3}"
